SET FOREIGN_KEY_CHECKS=0;
-- Data Adjustment Script Generated by Jules
-- Based on配方数据_去重.xlsx

-- Update Code for 双蛋波波奶茶
UPDATE kds_products SET product_code = 'CP033' WHERE id = 33;
-- Update Options for 双蛋波波奶茶 (ID: 33)
DELETE FROM kds_product_ice_options WHERE product_id = 33;
DELETE FROM kds_product_sweetness_options WHERE product_id = 33;
INSERT INTO kds_product_ice_options (product_id, ice_option_id) VALUES (33, 1), (33, 2), (33, 3), (33, 4);
INSERT INTO kds_product_sweetness_options (product_id, sweetness_option_id) VALUES (33, 1);

-- Update Code for 咸奶酪抹茶鲜奶茶
UPDATE kds_products SET product_code = 'CP006' WHERE id = 6;
-- Update Options for 咸奶酪抹茶鲜奶茶 (ID: 6)
DELETE FROM kds_product_ice_options WHERE product_id = 6;
DELETE FROM kds_product_sweetness_options WHERE product_id = 6;
INSERT INTO kds_product_ice_options (product_id, ice_option_id) VALUES (6, 1), (6, 2), (6, 3), (6, 4);
INSERT INTO kds_product_sweetness_options (product_id, sweetness_option_id) VALUES (6, 1), (6, 2), (6, 3), (6, 4);

-- Update Code for 咸奶酪茉莉鲜奶茶
UPDATE kds_products SET product_code = 'CP005' WHERE id = 5;
-- Update Options for 咸奶酪茉莉鲜奶茶 (ID: 5)
DELETE FROM kds_product_ice_options WHERE product_id = 5;
DELETE FROM kds_product_sweetness_options WHERE product_id = 5;
INSERT INTO kds_product_ice_options (product_id, ice_option_id) VALUES (5, 1), (5, 2), (5, 3), (5, 4);
INSERT INTO kds_product_sweetness_options (product_id, sweetness_option_id) VALUES (5, 1), (5, 2), (5, 3), (5, 4);

-- Insert New Product: 多肉葡萄 (ID: 36)
INSERT INTO kds_products (id, product_code, status_id, is_active, created_at, updated_at, is_deleted_flag) VALUES (36, 'CP017', 1, 1, NOW(), NOW(), 0);
INSERT INTO kds_product_translations (product_id, language_code, product_name) VALUES (36, 'zh-CN', '多肉葡萄');
INSERT INTO kds_product_translations (product_id, language_code, product_name) VALUES (36, 'es-ES', '多肉葡萄');
INSERT INTO kds_product_ice_options (product_id, ice_option_id) VALUES (36, 5);
INSERT INTO kds_product_sweetness_options (product_id, sweetness_option_id) VALUES (36, 1);

-- Insert New Product: 多肉蜜桃 (ID: 37)
INSERT INTO kds_products (id, product_code, status_id, is_active, created_at, updated_at, is_deleted_flag) VALUES (37, 'CP020', 1, 1, NOW(), NOW(), 0);
INSERT INTO kds_product_translations (product_id, language_code, product_name) VALUES (37, 'zh-CN', '多肉蜜桃');
INSERT INTO kds_product_translations (product_id, language_code, product_name) VALUES (37, 'es-ES', '多肉蜜桃');
INSERT INTO kds_product_ice_options (product_id, ice_option_id) VALUES (37, 5);
INSERT INTO kds_product_sweetness_options (product_id, sweetness_option_id) VALUES (37, 1);

-- Update Code for 布蕾蛋糕黑糖珍珠奶茶
UPDATE kds_products SET product_code = 'CP004' WHERE id = 4;
-- Update Options for 布蕾蛋糕黑糖珍珠奶茶 (ID: 4)
DELETE FROM kds_product_ice_options WHERE product_id = 4;
DELETE FROM kds_product_sweetness_options WHERE product_id = 4;
INSERT INTO kds_product_ice_options (product_id, ice_option_id) VALUES (4, 1), (4, 2), (4, 3), (4, 4);
INSERT INTO kds_product_sweetness_options (product_id, sweetness_option_id) VALUES (4, 1);

-- Update Code for 布蕾黑糖啵啵抹茶冰
UPDATE kds_products SET product_code = 'CP003' WHERE id = 3;
-- Update Options for 布蕾黑糖啵啵抹茶冰 (ID: 3)
DELETE FROM kds_product_ice_options WHERE product_id = 3;
DELETE FROM kds_product_sweetness_options WHERE product_id = 3;
INSERT INTO kds_product_ice_options (product_id, ice_option_id) VALUES (3, 1);
INSERT INTO kds_product_sweetness_options (product_id, sweetness_option_id) VALUES (3, 1), (3, 2), (3, 3), (3, 4);

-- Update Code for 开心果芝芝
UPDATE kds_products SET product_code = 'CP030' WHERE id = 30;
-- Update Options for 开心果芝芝 (ID: 30)
DELETE FROM kds_product_ice_options WHERE product_id = 30;
DELETE FROM kds_product_sweetness_options WHERE product_id = 30;
INSERT INTO kds_product_ice_options (product_id, ice_option_id) VALUES (30, 1), (30, 2), (30, 3);
INSERT INTO kds_product_sweetness_options (product_id, sweetness_option_id) VALUES (30, 1);

-- Update Code for 开心果芝芝茉莉
UPDATE kds_products SET product_code = 'CP031' WHERE id = 31;
-- Update Options for 开心果芝芝茉莉 (ID: 31)
DELETE FROM kds_product_ice_options WHERE product_id = 31;
DELETE FROM kds_product_sweetness_options WHERE product_id = 31;
INSERT INTO kds_product_ice_options (product_id, ice_option_id) VALUES (31, 1), (31, 2), (31, 3), (31, 4);
INSERT INTO kds_product_sweetness_options (product_id, sweetness_option_id) VALUES (31, 1);

-- Insert New Product: 抹茶拿铁 (ID: 38)
INSERT INTO kds_products (id, product_code, status_id, is_active, created_at, updated_at, is_deleted_flag) VALUES (38, 'CP035', 1, 1, NOW(), NOW(), 0);
INSERT INTO kds_product_translations (product_id, language_code, product_name) VALUES (38, 'zh-CN', '抹茶拿铁');
INSERT INTO kds_product_translations (product_id, language_code, product_name) VALUES (38, 'es-ES', '抹茶拿铁');
INSERT INTO kds_product_ice_options (product_id, ice_option_id) VALUES (38, 1), (38, 2), (38, 3), (38, 4);
INSERT INTO kds_product_sweetness_options (product_id, sweetness_option_id) VALUES (38, 1);

-- Update Code for 抹茶椰椰
UPDATE kds_products SET product_code = 'CP034' WHERE id = 34;
-- Update Options for 抹茶椰椰 (ID: 34)
DELETE FROM kds_product_ice_options WHERE product_id = 34;
DELETE FROM kds_product_sweetness_options WHERE product_id = 34;
INSERT INTO kds_product_ice_options (product_id, ice_option_id) VALUES (34, 1), (34, 2), (34, 3), (34, 4);
INSERT INTO kds_product_sweetness_options (product_id, sweetness_option_id) VALUES (34, 1);

-- Update Code for 暴打鲜橙
UPDATE kds_products SET product_code = 'CP014' WHERE id = 14;
-- Update Options for 暴打鲜橙 (ID: 14)
DELETE FROM kds_product_ice_options WHERE product_id = 14;
DELETE FROM kds_product_sweetness_options WHERE product_id = 14;
INSERT INTO kds_product_ice_options (product_id, ice_option_id) VALUES (14, 1), (14, 2);
INSERT INTO kds_product_sweetness_options (product_id, sweetness_option_id) VALUES (14, 1);

-- Insert New Product: 杨枝甘露 (ID: 39)
INSERT INTO kds_products (id, product_code, status_id, is_active, created_at, updated_at, is_deleted_flag) VALUES (39, 'CP016', 1, 1, NOW(), NOW(), 0);
INSERT INTO kds_product_translations (product_id, language_code, product_name) VALUES (39, 'zh-CN', '杨枝甘露');
INSERT INTO kds_product_translations (product_id, language_code, product_name) VALUES (39, 'es-ES', '杨枝甘露');
INSERT INTO kds_product_ice_options (product_id, ice_option_id) VALUES (39, 5);
INSERT INTO kds_product_sweetness_options (product_id, sweetness_option_id) VALUES (39, 1);

-- Insert New Product: 桑葚草莓 (ID: 40)
INSERT INTO kds_products (id, product_code, status_id, is_active, created_at, updated_at, is_deleted_flag) VALUES (40, 'CP018', 1, 1, NOW(), NOW(), 0);
INSERT INTO kds_product_translations (product_id, language_code, product_name) VALUES (40, 'zh-CN', '桑葚草莓');
INSERT INTO kds_product_translations (product_id, language_code, product_name) VALUES (40, 'es-ES', '桑葚草莓');
INSERT INTO kds_product_ice_options (product_id, ice_option_id) VALUES (40, 5);
INSERT INTO kds_product_sweetness_options (product_id, sweetness_option_id) VALUES (40, 1);

-- Update Code for 烤布蕾黑糖啵啵奶茶
UPDATE kds_products SET product_code = 'CP001' WHERE id = 1;
-- Update Options for 烤布蕾黑糖啵啵奶茶 (ID: 1)
DELETE FROM kds_product_ice_options WHERE product_id = 1;
DELETE FROM kds_product_sweetness_options WHERE product_id = 1;
INSERT INTO kds_product_ice_options (product_id, ice_option_id) VALUES (1, 1), (1, 2), (1, 3), (1, 4);
INSERT INTO kds_product_sweetness_options (product_id, sweetness_option_id) VALUES (1, 1), (1, 2), (1, 3), (1, 4);

-- Update Code for 烤布蕾黑糖啵啵抹茶
UPDATE kds_products SET product_code = 'CP002' WHERE id = 2;
-- Update Options for 烤布蕾黑糖啵啵抹茶 (ID: 2)
DELETE FROM kds_product_ice_options WHERE product_id = 2;
DELETE FROM kds_product_sweetness_options WHERE product_id = 2;
INSERT INTO kds_product_ice_options (product_id, ice_option_id) VALUES (2, 1), (2, 2), (2, 3), (2, 4);
INSERT INTO kds_product_sweetness_options (product_id, sweetness_option_id) VALUES (2, 1), (2, 2), (2, 3), (2, 4);

-- Update Code for 牛油果甘露
UPDATE kds_products SET product_code = 'CP023' WHERE id = 23;
-- Update Options for 牛油果甘露 (ID: 23)
DELETE FROM kds_product_ice_options WHERE product_id = 23;
DELETE FROM kds_product_sweetness_options WHERE product_id = 23;
INSERT INTO kds_product_ice_options (product_id, ice_option_id) VALUES (23, 5);
INSERT INTO kds_product_sweetness_options (product_id, sweetness_option_id) VALUES (23, 1);

-- Insert New Product: 牛油果莓莓 (ID: 41)
INSERT INTO kds_products (id, product_code, status_id, is_active, created_at, updated_at, is_deleted_flag) VALUES (41, 'CP021', 1, 1, NOW(), NOW(), 0);
INSERT INTO kds_product_translations (product_id, language_code, product_name) VALUES (41, 'zh-CN', '牛油果莓莓');
INSERT INTO kds_product_translations (product_id, language_code, product_name) VALUES (41, 'es-ES', '牛油果莓莓');
INSERT INTO kds_product_ice_options (product_id, ice_option_id) VALUES (41, 5);
INSERT INTO kds_product_sweetness_options (product_id, sweetness_option_id) VALUES (41, 1);

-- Update Code for 牛油果鲜奶昔
UPDATE kds_products SET product_code = 'CP022' WHERE id = 22;
-- Update Options for 牛油果鲜奶昔 (ID: 22)
DELETE FROM kds_product_ice_options WHERE product_id = 22;
DELETE FROM kds_product_sweetness_options WHERE product_id = 22;
INSERT INTO kds_product_ice_options (product_id, ice_option_id) VALUES (22, 5);
INSERT INTO kds_product_sweetness_options (product_id, sweetness_option_id) VALUES (22, 1);

-- Insert New Product: 生椰芒芒 (ID: 42)
INSERT INTO kds_products (id, product_code, status_id, is_active, created_at, updated_at, is_deleted_flag) VALUES (42, 'CP019', 1, 1, NOW(), NOW(), 0);
INSERT INTO kds_product_translations (product_id, language_code, product_name) VALUES (42, 'zh-CN', '生椰芒芒');
INSERT INTO kds_product_translations (product_id, language_code, product_name) VALUES (42, 'es-ES', '生椰芒芒');
INSERT INTO kds_product_ice_options (product_id, ice_option_id) VALUES (42, 5);
INSERT INTO kds_product_sweetness_options (product_id, sweetness_option_id) VALUES (42, 1);

-- Update Code for 白桃轻乳茶
UPDATE kds_products SET product_code = 'CP025' WHERE id = 25;
-- Update Options for 白桃轻乳茶 (ID: 25)
DELETE FROM kds_product_ice_options WHERE product_id = 25;
DELETE FROM kds_product_sweetness_options WHERE product_id = 25;
INSERT INTO kds_product_ice_options (product_id, ice_option_id) VALUES (25, 1), (25, 2), (25, 3), (25, 4);
INSERT INTO kds_product_sweetness_options (product_id, sweetness_option_id) VALUES (25, 1);

-- Update Code for 百香芒芒
UPDATE kds_products SET product_code = 'CP013' WHERE id = 13;
-- Update Options for 百香芒芒 (ID: 13)
DELETE FROM kds_product_ice_options WHERE product_id = 13;
DELETE FROM kds_product_sweetness_options WHERE product_id = 13;
INSERT INTO kds_product_ice_options (product_id, ice_option_id) VALUES (13, 1), (13, 2);
INSERT INTO kds_product_sweetness_options (product_id, sweetness_option_id) VALUES (13, 1);

-- Update Code for 芝芝抹茶
UPDATE kds_products SET product_code = 'CP029' WHERE id = 29;
-- Update Options for 芝芝抹茶 (ID: 29)
DELETE FROM kds_product_ice_options WHERE product_id = 29;
DELETE FROM kds_product_sweetness_options WHERE product_id = 29;
INSERT INTO kds_product_ice_options (product_id, ice_option_id) VALUES (29, 1), (29, 2), (29, 3), (29, 4);
INSERT INTO kds_product_sweetness_options (product_id, sweetness_option_id) VALUES (29, 1);

-- Update Code for 芝芝桃桃
UPDATE kds_products SET product_code = 'CP008' WHERE id = 8;
-- Update Options for 芝芝桃桃 (ID: 8)
DELETE FROM kds_product_ice_options WHERE product_id = 8;
DELETE FROM kds_product_sweetness_options WHERE product_id = 8;
INSERT INTO kds_product_ice_options (product_id, ice_option_id) VALUES (8, 5);
INSERT INTO kds_product_sweetness_options (product_id, sweetness_option_id) VALUES (8, 1);

-- Update Code for 芝芝桑葚
UPDATE kds_products SET product_code = 'CP012' WHERE id = 12;
-- Update Options for 芝芝桑葚 (ID: 12)
DELETE FROM kds_product_ice_options WHERE product_id = 12;
DELETE FROM kds_product_sweetness_options WHERE product_id = 12;
INSERT INTO kds_product_ice_options (product_id, ice_option_id) VALUES (12, 5);
INSERT INTO kds_product_sweetness_options (product_id, sweetness_option_id) VALUES (12, 1);

-- Update Code for 芝芝红茶
UPDATE kds_products SET product_code = 'CP028' WHERE id = 28;
-- Update Options for 芝芝红茶 (ID: 28)
DELETE FROM kds_product_ice_options WHERE product_id = 28;
DELETE FROM kds_product_sweetness_options WHERE product_id = 28;
INSERT INTO kds_product_ice_options (product_id, ice_option_id) VALUES (28, 1), (28, 2), (28, 3), (28, 4);
INSERT INTO kds_product_sweetness_options (product_id, sweetness_option_id) VALUES (28, 1);

-- Update Code for 芝芝芒芒
UPDATE kds_products SET product_code = 'CP009' WHERE id = 9;
-- Update Options for 芝芝芒芒 (ID: 9)
DELETE FROM kds_product_ice_options WHERE product_id = 9;
DELETE FROM kds_product_sweetness_options WHERE product_id = 9;
INSERT INTO kds_product_ice_options (product_id, ice_option_id) VALUES (9, 5);
INSERT INTO kds_product_sweetness_options (product_id, sweetness_option_id) VALUES (9, 1);

-- Update Code for 芝芝茉莉
UPDATE kds_products SET product_code = 'CP027' WHERE id = 27;
-- Update Options for 芝芝茉莉 (ID: 27)
DELETE FROM kds_product_ice_options WHERE product_id = 27;
DELETE FROM kds_product_sweetness_options WHERE product_id = 27;
INSERT INTO kds_product_ice_options (product_id, ice_option_id) VALUES (27, 1), (27, 2), (27, 3), (27, 4);
INSERT INTO kds_product_sweetness_options (product_id, sweetness_option_id) VALUES (27, 1);

-- Update Code for 芝芝草莓
UPDATE kds_products SET product_code = 'CP011' WHERE id = 11;
-- Update Options for 芝芝草莓 (ID: 11)
DELETE FROM kds_product_ice_options WHERE product_id = 11;
DELETE FROM kds_product_sweetness_options WHERE product_id = 11;
INSERT INTO kds_product_ice_options (product_id, ice_option_id) VALUES (11, 5);
INSERT INTO kds_product_sweetness_options (product_id, sweetness_option_id) VALUES (11, 1);

-- Update Code for 芝芝葡萄
UPDATE kds_products SET product_code = 'CP010' WHERE id = 10;
-- Update Options for 芝芝葡萄 (ID: 10)
DELETE FROM kds_product_ice_options WHERE product_id = 10;
DELETE FROM kds_product_sweetness_options WHERE product_id = 10;
INSERT INTO kds_product_ice_options (product_id, ice_option_id) VALUES (10, 5);
INSERT INTO kds_product_sweetness_options (product_id, sweetness_option_id) VALUES (10, 1);

-- Update Code for 茉莉轻乳茶
UPDATE kds_products SET product_code = 'CP024' WHERE id = 24;
-- Update Options for 茉莉轻乳茶 (ID: 24)
DELETE FROM kds_product_ice_options WHERE product_id = 24;
DELETE FROM kds_product_sweetness_options WHERE product_id = 24;
INSERT INTO kds_product_ice_options (product_id, ice_option_id) VALUES (24, 1), (24, 2), (24, 3), (24, 4);
INSERT INTO kds_product_sweetness_options (product_id, sweetness_option_id) VALUES (24, 1);

-- Update Code for 草莓轻乳
UPDATE kds_products SET product_code = 'CP026' WHERE id = 26;
-- Update Options for 草莓轻乳 (ID: 26)
DELETE FROM kds_product_ice_options WHERE product_id = 26;
DELETE FROM kds_product_sweetness_options WHERE product_id = 26;
INSERT INTO kds_product_ice_options (product_id, ice_option_id) VALUES (26, 1), (26, 2), (26, 3);
INSERT INTO kds_product_sweetness_options (product_id, sweetness_option_id) VALUES (26, 1);

-- Update Code for 血糯米奶茶
UPDATE kds_products SET product_code = 'CP007' WHERE id = 7;
-- Update Options for 血糯米奶茶 (ID: 7)
DELETE FROM kds_product_ice_options WHERE product_id = 7;
DELETE FROM kds_product_sweetness_options WHERE product_id = 7;
INSERT INTO kds_product_ice_options (product_id, ice_option_id) VALUES (7, 1), (7, 2), (7, 3), (7, 4);
INSERT INTO kds_product_sweetness_options (product_id, sweetness_option_id) VALUES (7, 1), (7, 2), (7, 3), (7, 4);

-- Insert New Product: 西瓜椰椰 (ID: 43)
INSERT INTO kds_products (id, product_code, status_id, is_active, created_at, updated_at, is_deleted_flag) VALUES (43, 'CP015', 1, 1, NOW(), NOW(), 0);
INSERT INTO kds_product_translations (product_id, language_code, product_name) VALUES (43, 'zh-CN', '西瓜椰椰');
INSERT INTO kds_product_translations (product_id, language_code, product_name) VALUES (43, 'es-ES', '西瓜椰椰');
INSERT INTO kds_product_ice_options (product_id, ice_option_id) VALUES (43, 5);
INSERT INTO kds_product_sweetness_options (product_id, sweetness_option_id) VALUES (43, 1);

-- Update Code for 黑糖珍珠奶茶
UPDATE kds_products SET product_code = 'CP032' WHERE id = 32;
-- Update Options for 黑糖珍珠奶茶 (ID: 32)
DELETE FROM kds_product_ice_options WHERE product_id = 32;
DELETE FROM kds_product_sweetness_options WHERE product_id = 32;
INSERT INTO kds_product_ice_options (product_id, ice_option_id) VALUES (32, 1), (32, 2), (32, 3), (32, 4);
INSERT INTO kds_product_sweetness_options (product_id, sweetness_option_id) VALUES (32, 1);

-- Soft Delete Products NOT in Excel
UPDATE kds_products SET is_deleted_flag = 1, is_active = 0, deleted_at = NOW() WHERE id IN (35, 15, 16, 17, 18, 19, 20, 21);
SET FOREIGN_KEY_CHECKS=1;